REF,NF1007698999
NAME,Gilead Council Meter
ADDRESS,
METER SERIAL,NF1007698999
TIME,INDEX (m³),CONSUMPTION (m³),DAILY(m³),MONTHLY(m³),YEARLY(m³),INDEX (L),CONSUMPTION (L),DAILY(L),MONTHLY(L),YEARLY(L)
2025-08-25 00:00:00,516308.72,0.64,0.64,,,516308720,640,640
2025-08-25 00:15:00,516309.35,0.63,,,,516309350,630
2025-08-25 00:30:00,516309.76,0.41,,,,516309760,410
2025-08-25 00:45:00,516309.99,0.23,,,,516309990,230
2025-08-25 01:00:00,516310.47,0.48,,,,516310470,480
2025-08-25 01:15:00,516311.01,0.54,,,,516311010,540
2025-08-25 01:30:00,516311.84,0.83,,,,516311840,830
2025-08-25 01:45:00,516311.86,0.02,,,,516311860,20
2025-08-25 02:00:00,516311.87,0.01,,,,516311870,10
2025-08-25 02:15:00,516312.26,0.39,,,,516312260,390
2025-08-25 02:30:00,516312.26,0,,,,516312260,0
2025-08-25 02:45:00,516312.49,0.23,,,,516312490,230
2025-08-25 03:00:00,516312.88,0.39,,,,516312880,390
2025-08-25 03:15:00,516313.56,0.68,,,,516313560,680
2025-08-25 03:30:00,516314.32,0.76,,,,516314320,760
2025-08-25 03:45:00,516315.26,0.94,,,,516315260,940
2025-08-25 04:00:00,516315.89,0.63,,,,516315890,630
2025-08-25 04:15:00,516316.33,0.44,,,,516316330,440
2025-08-25 04:30:00,516316.36,0.03,,,,516316360,30
2025-08-25 04:45:00,516316.37,0.01,,,,516316370,10
2025-08-25 05:00:00,516316.40,0.03,,,,516316400,30
2025-08-25 05:15:00,516317.24,0.84,,,,516317240,840
2025-08-25 05:30:00,516317.95,0.71,,,,516317950,710
2025-08-25 05:45:00,516318.41,0.46,,,,516318410,460
2025-08-25 06:00:00,516318.49,0.08,,,,516318490,80
2025-08-25 06:15:00,516318.74,0.25,,,,516318740,250
2025-08-25 06:30:00,516319.17,0.43,,,,516319170,430
2025-08-25 06:45:00,516319.83,0.66,,,,516319830,660
2025-08-25 07:00:00,516320.63,0.80,,,,516320630,800
2025-08-25 07:30:00,516321.29,0.66,,,,516321290,660
2025-08-25 07:45:00,516321.94,0.65,,,,516321940,650
2025-08-25 08:00:00,516322.93,0.99,,,,516322930,990
2025-08-25 08:15:00,516323.58,0.65,,,,516323580,650
2025-08-25 08:30:00,516324.98,1.40,,,,516324980,1400
2025-08-25 08:45:00,516326.22,1.24,,,,516326220,1240
2025-08-25 09:00:00,516327.27,1.05,,,,516327270,1050
2025-08-25 09:15:00,516328.42,1.15,,,,516328420,1150
2025-08-25 09:30:00,516330.09,1.67,,,,516330090,1670
2025-08-25 09:45:00,516331.47,1.38,,,,516331470,1380
2025-08-25 10:00:00,516332.39,0.92,,,,516332390,920
2025-08-25 10:15:00,516333.82,1.43,,,,516333820,1430
2025-08-25 10:30:00,516335.60,1.78,,,,516335600,1780
2025-08-25 10:45:00,516336.66,1.06,,,,516336660,1060
2025-08-25 11:00:00,516338.19,1.53,,,,516338190,1530
2025-08-25 11:15:00,516339.22,1.03,,,,516339220,1030
2025-08-25 11:30:00,516341.30,2.08,,,,516341300,2080
2025-08-25 11:45:00,516342.80,1.50,,,,516342800,1500
2025-08-25 12:00:00,516344.74,1.94,,,,516344740,1940
2025-08-25 12:15:00,516346.65,1.91,,,,516346650,1910
2025-08-25 12:30:00,516347.74,1.09,,,,516347740,1090
2025-08-25 12:45:00,516350.18,2.44,,,,516350180,2440
2025-08-25 13:00:00,516351.36,1.18,,,,516351360,1180
2025-08-25 13:15:00,516352.48,1.12,,,,516352480,1120
2025-08-25 13:30:00,516353.70,1.22,,,,516353700,1220
2025-08-25 13:45:00,516355.01,1.31,,,,516355010,1310
2025-08-25 14:00:00,516355.98,0.97,,,,516355980,970
2025-08-25 14:15:00,516357.77,1.79,,,,516357770,1790
2025-08-25 14:30:00,516358.30,0.53,,,,516358300,530
2025-08-25 14:45:00,516358.94,0.64,,,,516358940,640
2025-08-25 15:00:00,516359.62,0.68,,,,516359620,680
2025-08-25 15:15:00,516359.82,0.20,,,,516359820,200
2025-08-25 15:30:00,516360.05,0.23,,,,516360050,230
2025-08-25 15:45:00,516360.41,0.36,,,,516360410,360
2025-08-25 16:00:00,516361.80,1.39,,,,516361800,1390
2025-08-25 16:15:00,516362.90,1.10,,,,516362900,1100
2025-08-25 16:30:00,516364.41,1.51,,,,516364410,1510
2025-08-25 16:45:00,516365.36,0.95,,,,516365360,950
2025-08-25 17:00:00,516366.21,0.85,,,,516366210,850
2025-08-25 17:15:00,516366.95,0.74,,,,516366950,740
2025-08-25 17:30:00,516367.19,0.24,,,,516367190,240
2025-08-25 17:45:00,516367.26,0.07,,,,516367260,70
2025-08-25 18:00:00,516367.27,0.01,,,,516367270,10
2025-08-25 18:15:00,516367.70,0.43,,,,516367700,430
2025-08-25 18:30:00,516367.88,0.18,,,,516367880,180
2025-08-25 18:45:00,516368.01,0.13,,,,516368010,130
2025-08-25 19:00:00,516368.10,0.09,,,,516368100,90
2025-08-25 19:15:00,516368.36,0.26,,,,516368360,260
2025-08-25 19:30:00,516368.77,0.41,,,,516368770,410
2025-08-25 19:45:00,516368.78,0.01,,,,516368780,10
2025-08-25 20:00:00,516369.34,0.56,,,,516369340,560
2025-08-25 20:15:00,516369.36,0.02,,,,516369360,20
2025-08-25 20:30:00,516369.37,0.01,,,,516369370,10
2025-08-25 20:45:00,516369.76,0.39,,,,516369760,390
2025-08-25 21:00:00,516369.78,0.02,,,,516369780,20
2025-08-25 21:15:00,516369.78,0,,,,516369780,0
2025-08-25 21:30:00,516369.81,0.03,,,,516369810,30
2025-08-25 21:45:00,516370.00,0.19,,,,516370000,190
2025-08-25 22:00:00,516370.60,0.60,,,,516370600,600
2025-08-25 22:15:00,516370.98,0.38,,,,516370980,380
2025-08-25 22:30:00,516371.00,0.02,,,,516371000,20
2025-08-25 22:45:00,516371.01,0.01,,,,516371010,10
2025-08-25 23:00:00,516371.02,0.01,,,,516371020,10
2025-08-25 23:15:00,516371.03,0.01,,,,516371030,10
2025-08-25 23:30:00,516371.80,0.77,,,,516371800,770
2025-08-25 23:45:00,516372.78,0.98,,,,516372780,980
2025-08-26 00:00:00,516373.72,0.94,65.00,,,516373720,940,65000
2025-08-26 00:15:00,516375.31,1.59,,,,516375310,1590
2025-08-26 00:30:00,516375.53,0.22,,,,516375530,220
2025-08-26 00:45:00,516375.58,0.05,,,,516375580,50
2025-08-26 01:00:00,516376.13,0.55,,,,516376130,550
2025-08-26 01:15:00,516376.68,0.55,,,,516376680,550
2025-08-26 01:30:00,516378.23,1.55,,,,516378230,1550
2025-08-26 01:45:00,516378.88,0.65,,,,516378880,650
2025-08-26 02:00:00,516378.89,0.01,,,,516378890,10
2025-08-26 02:15:00,516378.93,0.04,,,,516378930,40
2025-08-26 02:30:00,516378.97,0.04,,,,516378970,40
2025-08-26 02:45:00,516379.36,0.39,,,,516379360,390
2025-08-26 03:00:00,516379.41,0.05,,,,516379410,50
2025-08-26 03:15:00,516379.49,0.08,,,,516379490,80
2025-08-26 03:30:00,516379.49,0,,,,516379490,0
2025-08-26 03:45:00,516379.90,0.41,,,,516379900,410
2025-08-26 04:00:00,516379.90,0,,,,516379900,0
2025-08-26 04:15:00,516379.90,0,,,,516379900,0
2025-08-26 04:30:00,516379.91,0.01,,,,516379910,10
2025-08-26 04:45:00,516380.10,0.19,,,,516380100,190
2025-08-26 05:00:00,516380.10,0,,,,516380100,0
2025-08-26 05:15:00,516380.41,0.31,,,,516380410,310
2025-08-26 05:30:00,516380.61,0.20,,,,516380610,200
2025-08-26 05:45:00,516380.61,0,,,,516380610,0
2025-08-26 06:00:00,516380.76,0.15,,,,516380760,150
2025-08-26 06:15:00,516381.61,0.85,,,,516381610,850
2025-08-26 06:30:00,516382.73,1.12,,,,516382730,1120
2025-08-26 06:45:00,516383.73,1.00,,,,516383730,1000
2025-08-26 07:00:00,516384.43,0.70,,,,516384430,700
2025-08-26 07:30:00,516385.54,1.11,,,,516385540,1110
2025-08-26 07:45:00,516385.83,0.29,,,,516385830,290
2025-08-26 08:00:00,516386.61,0.78,,,,516386610,780
2025-08-26 08:15:00,516387.44,0.83,,,,516387440,830
2025-08-26 08:30:00,516388.59,1.15,,,,516388590,1150
2025-08-26 08:45:00,516389.25,0.66,,,,516389250,660
2025-08-26 09:00:00,516389.62,0.37,,,,516389620,370
2025-08-26 09:15:00,516390.18,0.56,,,,516390180,560
2025-08-26 09:30:00,516391.34,1.16,,,,516391340,1160
2025-08-26 09:45:00,516392.11,0.77,,,,516392110,770
2025-08-26 10:00:00,516392.86,0.75,,,,516392860,750
2025-08-26 10:15:00,516393.68,0.82,,,,516393680,820
2025-08-26 10:30:00,516394.90,1.22,,,,516394900,1220
2025-08-26 10:45:00,516397.13,2.23,,,,516397130,2230
2025-08-26 11:00:00,516398.93,1.80,,,,516398930,1800
2025-08-26 11:15:00,516400.58,1.65,,,,516400580,1650
2025-08-26 11:30:00,516402.22,1.64,,,,516402220,1640
2025-08-26 11:45:00,516404.11,1.89,,,,516404110,1890
2025-08-26 12:00:00,516405.89,1.78,,,,516405890,1780
2025-08-26 12:15:00,516407.57,1.68,,,,516407570,1680
2025-08-26 12:30:00,516410.33,2.76,,,,516410330,2760
2025-08-26 12:45:00,516412.33,2.00,,,,516412330,2000
2025-08-26 13:00:00,516413.53,1.20,,,,516413530,1200
2025-08-26 13:15:00,516415.39,1.86,,,,516415390,1860
2025-08-26 13:30:00,516417.21,1.82,,,,516417210,1820
2025-08-26 13:45:00,516419.22,2.00,,,,516419220,2010
2025-08-26 14:00:00,516421.04,1.82,,,,516421040,1820
2025-08-26 14:15:00,516422.52,1.48,,,,516422520,1480
2025-08-26 14:30:00,516423.71,1.19,,,,516423710,1190
2025-08-26 14:45:00,516425.12,1.41,,,,516425120,1410
2025-08-26 15:00:00,516426.33,1.21,,,,516426330,1210
2025-08-26 15:15:00,516427.10,0.77,,,,516427100,770
2025-08-26 15:30:00,516428.03,0.93,,,,516428030,930
2025-08-26 15:45:00,516428.95,0.92,,,,516428950,920
2025-08-26 16:00:00,516430.10,1.15,,,,516430100,1150
2025-08-26 16:15:00,516430.99,0.89,,,,516430990,890
2025-08-26 16:30:00,516432.13,1.14,,,,516432130,1140
2025-08-26 16:45:00,516433.93,1.80,,,,516433930,1800
2025-08-26 17:00:00,516434.85,0.92,,,,516434850,920
2025-08-26 17:15:00,516436.12,1.27,,,,516436120,1270
2025-08-26 17:30:00,516436.93,0.81,,,,516436930,810
2025-08-26 17:45:00,516438.49,1.56,,,,516438490,1560
2025-08-26 18:00:00,516440.90,2.41,,,,516440900,2410
2025-08-26 18:15:00,516443.26,2.36,,,,516443260,2360
2025-08-26 18:30:00,516444.09,0.83,,,,516444090,830
2025-08-26 18:45:00,516445.11,1.02,,,,516445110,1020
2025-08-26 19:00:00,516446.85,1.74,,,,516446850,1740
2025-08-26 19:15:00,516447.81,0.96,,,,516447810,960
2025-08-26 19:30:00,516448.42,0.61,,,,516448420,610
2025-08-26 19:45:00,516449.36,0.94,,,,516449360,940
2025-08-26 20:00:00,516449.93,0.57,,,,516449930,570
2025-08-26 20:15:00,516450.68,0.75,,,,516450680,750
2025-08-26 20:30:00,516451.45,0.77,,,,516451450,770
2025-08-26 20:45:00,516452.07,0.62,,,,516452070,620
2025-08-26 21:00:00,516452.66,0.59,,,,516452660,590
2025-08-26 21:15:00,516453.69,1.03,,,,516453690,1030
2025-08-26 21:30:00,516454.28,0.59,,,,516454280,590
2025-08-26 21:45:00,516454.88,0.60,,,,516454880,600
2025-08-26 22:00:00,516455.44,0.56,,,,516455440,560
2025-08-26 22:15:00,516456.27,0.83,,,,516456270,830
2025-08-26 22:30:00,516457.00,0.73,,,,516457000,730
2025-08-26 22:45:00,516457.55,0.55,,,,516457550,550
2025-08-26 23:00:00,516458.11,0.56,,,,516458110,560
2025-08-26 23:15:00,516459.13,1.02,,,,516459130,1020
2025-08-26 23:30:00,516460.57,1.44,,,,516460570,1440
2025-08-26 23:45:00,516461.62,1.05,,,,516461620,1050
2025-08-27 00:00:00,516462.19,0.57,88.47,,,516462190,570,88470
2025-08-27 00:15:00,516462.77,0.58,,,,516462770,580
2025-08-27 00:30:00,516463.32,0.55,,,,516463320,550
2025-08-27 00:45:00,516464.29,0.97,,,,516464290,970
2025-08-27 01:00:00,516464.85,0.56,,,,516464850,560
2025-08-27 01:15:00,516465.45,0.60,,,,516465450,600
2025-08-27 01:30:00,516466.06,0.61,,,,516466060,610
2025-08-27 01:45:00,516466.88,0.82,,,,516466880,820
2025-08-27 02:00:00,516467.59,0.71,,,,516467590,710
2025-08-27 02:15:00,516468.52,0.93,,,,516468520,930
2025-08-27 02:30:00,516469.51,0.99,,,,516469510,990
2025-08-27 02:45:00,516470.10,0.59,,,,516470100,590
2025-08-27 03:00:00,516470.69,0.59,,,,516470690,590
2025-08-27 03:15:00,516471.26,0.57,,,,516471260,570
2025-08-27 03:30:00,516472.07,0.81,,,,516472070,810
2025-08-27 03:45:00,516473.04,0.97,,,,516473040,970
2025-08-27 04:00:00,516473.61,0.57,,,,516473610,570
2025-08-27 04:15:00,516474.21,0.60,,,,516474210,600
2025-08-27 04:30:00,516474.78,0.57,,,,516474780,570
2025-08-27 04:45:00,516475.53,0.75,,,,516475530,750
2025-08-27 05:00:00,516476.28,0.75,,,,516476280,750
2025-08-27 05:15:00,516476.89,0.61,,,,516476890,610
2025-08-27 05:30:00,516477.45,0.56,,,,516477450,560
2025-08-27 05:45:00,516478.12,0.67,,,,516478120,670
2025-08-27 06:00:00,516479.63,1.51,,,,516479630,1510
2025-08-27 06:15:00,516481.07,1.44,,,,516481070,1440
2025-08-27 06:30:00,516482.02,0.95,,,,516482020,950
2025-08-27 06:45:00,516482.79,0.77,,,,516482790,770
2025-08-27 07:00:00,516484.24,1.45,,,,516484240,1450
2025-08-27 07:30:00,516486.53,2.29,,,,516486530,2290
2025-08-27 07:45:00,516487.33,0.80,,,,516487330,800
2025-08-27 08:00:00,516488.41,1.08,,,,516488410,1080
2025-08-27 08:15:00,516489.46,1.05,,,,516489460,1050
2025-08-27 08:30:00,516490.54,1.08,,,,516490540,1080
2025-08-27 08:45:00,516491.98,1.44,,,,516491980,1440
2025-08-27 09:00:00,516493.15,1.17,,,,516493150,1170
2025-08-27 09:15:00,516494.14,0.99,,,,516494140,990
2025-08-27 09:30:00,516495.20,1.06,,,,516495200,1060
2025-08-27 09:45:00,516496.91,1.71,,,,516496910,1710
2025-08-27 10:00:00,516498.21,1.30,,,,516498210,1300
2025-08-27 10:15:00,516499.52,1.31,,,,516499520,1310
2025-08-27 10:30:00,516500.91,1.39,,,,516500910,1390
2025-08-27 10:45:00,516502.16,1.25,,,,516502160,1250
2025-08-27 11:00:00,516503.91,1.75,,,,516503910,1750
2025-08-27 11:15:00,516505.77,1.86,,,,516505770,1860
2025-08-27 11:30:00,516507.21,1.44,,,,516507210,1440
2025-08-27 11:45:00,516508.99,1.78,,,,516508990,1780
2025-08-27 12:00:00,516510.82,1.83,,,,516510820,1830
2025-08-27 12:15:00,516512.22,1.40,,,,516512220,1400
2025-08-27 12:30:00,516514.10,1.88,,,,516514100,1880
2025-08-27 12:45:00,516516.39,2.29,,,,516516390,2290
2025-08-27 13:00:00,516517.94,1.55,,,,516517940,1550
2025-08-27 13:15:00,516519.37,1.43,,,,516519370,1430
2025-08-27 13:30:00,516521.79,2.42,,,,516521790,2420
2025-08-27 13:45:00,516524.17,2.38,,,,516524170,2380
2025-08-27 14:00:00,516525.81,1.64,,,,516525810,1640
2025-08-27 14:15:00,516527.48,1.67,,,,516527480,1670
2025-08-27 14:30:00,516529.21,1.73,,,,516529210,1730
2025-08-27 14:45:00,516530.52,1.31,,,,516530520,1310
2025-08-27 15:00:00,516532.51,1.99,,,,516532510,1990
2025-08-27 15:15:00,516535.17,2.66,,,,516535170,2660
2025-08-27 15:30:00,516536.26,1.09,,,,516536260,1090
2025-08-27 15:45:00,516537.78,1.52,,,,516537780,1520
2025-08-27 16:00:00,516539.35,1.57,,,,516539350,1570
2025-08-27 16:15:00,516540.42,1.07,,,,516540420,1070
2025-08-27 16:30:00,516541.51,1.09,,,,516541510,1090
2025-08-27 16:45:00,516542.40,0.89,,,,516542400,890
2025-08-27 17:00:00,516543.56,1.16,,,,516543560,1160
2025-08-27 17:15:00,516545.36,1.80,,,,516545360,1800
2025-08-27 17:30:00,516546.42,1.06,,,,516546420,1060
2025-08-27 17:45:00,516547.28,0.86,,,,516547280,860
2025-08-27 18:00:00,516548.02,0.74,,,,516548020,740
2025-08-27 18:15:00,516549.48,1.46,,,,516549480,1460
2025-08-27 18:30:00,516551.37,1.89,,,,516551370,1890
2025-08-27 18:45:00,516552.76,1.39,,,,516552760,1390
2025-08-27 19:00:00,516553.99,1.23,,,,516553990,1230
2025-08-27 19:15:00,516555.35,1.36,,,,516555350,1360
2025-08-27 19:30:00,516556.21,0.86,,,,516556210,860
2025-08-27 19:45:00,516556.91,0.70,,,,516556910,700
2025-08-27 20:00:00,516557.64,0.73,,,,516557640,730
2025-08-27 20:15:00,516558.45,0.81,,,,516558450,810
2025-08-27 20:30:00,516559.03,0.58,,,,516559030,580
2025-08-27 20:45:00,516559.66,0.63,,,,516559660,630
2025-08-27 21:00:00,516560.53,0.87,,,,516560530,870
2025-08-27 21:15:00,516561.49,0.96,,,,516561490,960
2025-08-27 21:30:00,516562.46,0.97,,,,516562460,970
2025-08-27 21:45:00,516563.09,0.63,,,,516563090,630
2025-08-27 22:00:00,516563.69,0.60,,,,516563690,600
2025-08-27 22:15:00,516564.27,0.58,,,,516564270,580
2025-08-27 22:30:00,516565.24,0.97,,,,516565240,970
2025-08-27 22:45:00,516565.86,0.62,,,,516565860,620
2025-08-27 23:00:00,516566.71,0.85,,,,516566710,850
2025-08-27 23:15:00,516567.99,1.28,,,,516567990,1280
2025-08-27 23:30:00,516569.26,1.27,,,,516569260,1270
2025-08-27 23:45:00,516570.23,0.97,,,,516570230,970
2025-08-28 00:00:00,516570.83,0.60,108.64,,,516570830,600,108640
2025-08-28 00:15:00,516571.45,0.62,,,,516571450,620
2025-08-28 00:30:00,516572.01,0.56,,,,516572010,560
2025-08-28 00:45:00,516572.60,0.59,,,,516572600,590
2025-08-28 01:00:00,516573.49,0.89,,,,516573490,890
2025-08-28 01:15:00,516574.21,0.72,,,,516574210,720
2025-08-28 01:30:00,516574.82,0.61,,,,516574820,610
2025-08-28 01:45:00,516575.40,0.58,,,,516575400,580
2025-08-28 02:00:00,516576.57,1.17,,,,516576570,1170
2025-08-28 02:15:00,516578.22,1.65,,,,516578220,1650
2025-08-28 02:30:00,516579.87,1.65,,,,516579870,1650
2025-08-28 02:45:00,516581.52,1.65,,,,516581520,1650
2025-08-28 03:00:00,516583.44,1.92,,,,516583440,1920
2025-08-28 03:15:00,516585.12,1.68,,,,516585120,1680
2025-08-28 03:30:00,516587.15,2.02,,,,516587150,2030
2025-08-28 03:45:00,516588.78,1.63,,,,516588780,1630
2025-08-28 04:00:00,516590.41,1.63,,,,516590410,1630
2025-08-28 04:15:00,516592.16,1.75,,,,516592160,1750
2025-08-28 04:30:00,516594.11,1.95,,,,516594110,1950
2025-08-28 04:45:00,516595.84,1.73,,,,516595840,1730
2025-08-28 05:00:00,516597.67,1.83,,,,516597670,1830
2025-08-28 05:15:00,516599.46,1.79,,,,516599460,1790
2025-08-28 05:30:00,516601.63,2.17,,,,516601630,2170
2025-08-28 05:45:00,516603.43,1.80,,,,516603430,1800
2025-08-28 06:00:00,516605.22,1.79,,,,516605220,1790
2025-08-28 06:15:00,516607.27,2.05,,,,516607270,2050
2025-08-28 06:30:00,516609.11,1.84,,,,516609110,1840
2025-08-28 06:45:00,516611.41,2.30,,,,516611410,2300
2025-08-28 07:00:00,516614.01,2.60,,,,516614010,2600
2025-08-28 07:30:00,516617.91,3.90,,,,516617910,3900
2025-08-28 07:45:00,516620.45,2.54,,,,516620450,2540
2025-08-28 08:00:00,516623.01,2.56,,,,516623010,2560
2025-08-28 08:15:00,516625.57,2.56,,,,516625570,2560
2025-08-28 08:30:00,516627.39,1.82,,,,516627390,1820
2025-08-28 08:45:00,516629.36,1.97,,,,516629360,1970
2025-08-28 09:00:00,516632.18,2.82,,,,516632180,2820
2025-08-28 09:15:00,516635.15,2.97,,,,516635150,2970
2025-08-28 09:30:00,516637.64,2.49,,,,516637640,2490
2025-08-28 09:45:00,516640.47,2.83,,,,516640470,2830
2025-08-28 10:00:00,516642.78,2.31,,,,516642780,2310
2025-08-28 10:15:00,516645.29,2.51,,,,516645290,2510
2025-08-28 10:30:00,516647.51,2.22,,,,516647510,2220
2025-08-28 10:45:00,516649.72,2.21,,,,516649720,2210
2025-08-28 11:00:00,516652.30,2.58,,,,516652300,2580
2025-08-28 11:15:00,516654.27,1.97,,,,516654270,1970
2025-08-28 11:30:00,516656.50,2.23,,,,516656500,2230
2025-08-28 11:45:00,516658.54,2.04,,,,516658540,2040
2025-08-28 12:00:00,516661.94,3.40,,,,516661940,3400
2025-08-28 12:15:00,516664.10,2.16,,,,516664100,2160
2025-08-28 12:30:00,516666.45,2.35,,,,516666450,2350
2025-08-28 12:45:00,516670.01,3.56,,,,516670010,3560
2025-08-28 13:00:00,516672.86,2.85,,,,516672860,2850
2025-08-28 13:15:00,516675.91,3.05,,,,516675910,3050
2025-08-28 13:30:00,516678.64,2.73,,,,516678640,2730
2025-08-28 13:45:00,516680.90,2.26,,,,516680900,2260
2025-08-28 14:00:00,516683.01,2.11,,,,516683010,2110
2025-08-28 14:15:00,516685.37,2.36,,,,516685370,2360
2025-08-28 14:30:00,516687.36,1.99,,,,516687360,1990
2025-08-28 14:45:00,516689.39,2.02,,,,516689390,2030
2025-08-28 15:00:00,516692.15,2.76,,,,516692150,2760
2025-08-28 15:15:00,516694.59,2.44,,,,516694590,2440
2025-08-28 15:30:00,516696.58,1.99,,,,516696580,1990
2025-08-28 15:45:00,516698.96,2.38,,,,516698960,2380
2025-08-28 16:00:00,516700.98,2.02,,,,516700980,2020
2025-08-28 16:15:00,516703.43,2.45,,,,516703430,2450
2025-08-28 16:30:00,516706.05,2.62,,,,516706050,2620
2025-08-28 16:45:00,516708.09,2.04,,,,516708090,2040
2025-08-28 17:00:00,516710.00,1.91,,,,516710000,1910
2025-08-28 17:15:00,516711.83,1.83,,,,516711830,1830
2025-08-28 17:30:00,516713.65,1.82,,,,516713650,1820
2025-08-28 17:45:00,516715.86,2.21,,,,516715860,2210
2025-08-28 18:00:00,516717.70,1.84,,,,516717700,1840
2025-08-28 18:15:00,516719.83,2.13,,,,516719830,2130
2025-08-28 18:30:00,516721.96,2.13,,,,516721960,2130
2025-08-28 18:45:00,516723.81,1.85,,,,516723810,1850
2025-08-28 19:00:00,516726.00,2.19,,,,516726000,2190
2025-08-28 19:15:00,516727.77,1.77,,,,516727770,1770
2025-08-28 19:30:00,516729.44,1.67,,,,516729440,1670
2025-08-28 19:45:00,516731.40,1.96,,,,516731400,1960
2025-08-28 20:00:00,516733.08,1.68,,,,516733080,1680
2025-08-28 20:15:00,516734.76,1.68,,,,516734760,1680
2025-08-28 20:30:00,516736.83,2.07,,,,516736830,2070
2025-08-28 20:45:00,516738.78,1.95,,,,516738780,1950
2025-08-28 21:00:00,516740.99,2.21,,,,516740990,2210
2025-08-28 21:15:00,516743.29,2.30,,,,516743290,2300
2025-08-28 21:30:00,516745.28,1.99,,,,516745280,1990
2025-08-28 21:45:00,516747.66,2.38,,,,516747660,2380
2025-08-28 22:00:00,516749.40,1.74,,,,516749400,1740
2025-08-28 22:15:00,516751.18,1.78,,,,516751180,1780
2025-08-28 22:30:00,516752.92,1.74,,,,516752920,1740
2025-08-28 22:45:00,516754.97,2.05,,,,516754970,2050
2025-08-28 23:00:00,516757.34,2.37,,,,516757340,2370
2025-08-28 23:15:00,516759.45,2.11,,,,516759450,2110
2025-08-28 23:30:00,516761.37,1.92,,,,516761370,1920
2025-08-28 23:45:00,516763.48,2.11,,,,516763480,2110
2025-08-29 00:00:00,516765.85,2.37,195.02,,,516765850,2370,195020
2025-08-29 00:15:00,516768.29,2.44,,,,516768290,2440
2025-08-29 00:30:00,516770.10,1.81,,,,516770100,1810
2025-08-29 00:45:00,516771.72,1.62,,,,516771720,1620
2025-08-29 01:00:00,516773.35,1.63,,,,516773350,1630
2025-08-29 01:15:00,516774.98,1.63,,,,516774980,1630
2025-08-29 01:30:00,516776.72,1.74,,,,516776720,1740
2025-08-29 01:45:00,516778.81,2.09,,,,516778810,2090
2025-08-29 02:00:00,516780.67,1.86,,,,516780670,1860
2025-08-29 02:15:00,516782.47,1.80,,,,516782470,1800
2025-08-29 02:30:00,516784.26,1.79,,,,516784260,1790
2025-08-29 02:45:00,516786.40,2.14,,,,516786400,2140
2025-08-29 03:00:00,516788.16,1.76,,,,516788160,1760
2025-08-29 03:15:00,516789.90,1.74,,,,516789900,1740
2025-08-29 03:30:00,516791.66,1.76,,,,516791660,1760
2025-08-29 03:45:00,516793.63,1.97,,,,516793630,1970
2025-08-29 04:00:00,516795.51,1.88,,,,516795510,1880
2025-08-29 04:15:00,516797.30,1.79,,,,516797300,1790
2025-08-29 04:30:00,516799.37,2.07,,,,516799370,2070
2025-08-29 04:45:00,516801.10,1.73,,,,516801100,1730
2025-08-29 05:00:00,516802.91,1.81,,,,516802910,1810
2025-08-29 05:15:00,516804.87,1.96,,,,516804870,1960
2025-08-29 05:30:00,516806.68,1.81,,,,516806680,1810
2025-08-29 05:45:00,516808.97,2.29,,,,516808970,2290
2025-08-29 06:00:00,516811.19,2.22,,,,516811190,2220
2025-08-29 06:15:00,516813.67,2.48,,,,516813670,2480
2025-08-29 06:30:00,516815.71,2.04,,,,516815710,2040
2025-08-29 06:45:00,516817.86,2.15,,,,516817860,2150
2025-08-29 07:00:00,516819.90,2.04,,,,516819900,2040
2025-08-29 07:30:00,516823.94,4.04,,,,516823940,4040
2025-08-29 07:45:00,516825.82,1.88,,,,516825820,1880
2025-08-29 08:00:00,516828.35,2.53,,,,516828350,2530
2025-08-29 08:15:00,516830.83,2.48,,,,516830830,2480
2025-08-29 08:30:00,516832.86,2.02,,,,516832860,2030
2025-08-29 08:45:00,516834.79,1.93,,,,516834790,1930
2025-08-29 09:00:00,516837.34,2.55,,,,516837340,2550
2025-08-29 09:15:00,516839.88,2.54,,,,516839880,2540
2025-08-29 09:30:00,516841.88,2.00,,,,516841880,2000
2025-08-29 09:45:00,516845.15,3.27,,,,516845150,3270
2025-08-29 10:00:00,516847.78,2.63,,,,516847780,2630
2025-08-29 10:15:00,516850.48,2.70,,,,516850480,2700
2025-08-29 10:30:00,516852.65,2.17,,,,516852650,2170
2025-08-29 10:45:00,516854.93,2.28,,,,516854930,2280
2025-08-29 11:00:00,516857.90,2.97,,,,516857900,2970
2025-08-29 11:15:00,516859.83,1.93,,,,516859830,1930
2025-08-29 11:30:00,516862.48,2.65,,,,516862480,2650
2025-08-29 11:45:00,516864.94,2.46,,,,516864940,2460
2025-08-29 12:00:00,516867.17,2.23,,,,516867170,2230
2025-08-29 12:15:00,516869.28,2.11,,,,516869280,2110
2025-08-29 12:30:00,516871.84,2.56,,,,516871840,2560
2025-08-29 12:45:00,516874.29,2.45,,,,516874290,2450
2025-08-29 13:00:00,516876.73,2.44,,,,516876730,2440
2025-08-29 13:15:00,516879.05,2.32,,,,516879050,2320
2025-08-29 13:30:00,516881.10,2.05,,,,516881100,2050
2025-08-29 13:45:00,516883.21,2.11,,,,516883210,2110
2025-08-29 14:00:00,516885.48,2.27,,,,516885480,2270
2025-08-29 14:15:00,516887.79,2.31,,,,516887790,2310
2025-08-29 14:30:00,516890.64,2.85,,,,516890640,2850
2025-08-29 14:45:00,516893.34,2.70,,,,516893340,2700
2025-08-29 15:00:00,516895.55,2.21,,,,516895550,2210
2025-08-29 15:15:00,516897.80,2.25,,,,516897800,2250
2025-08-29 15:30:00,516899.96,2.16,,,,516899960,2160
2025-08-29 15:45:00,516902.14,2.18,,,,516902140,2180
2025-08-29 16:00:00,516903.90,1.76,,,,516903900,1760
2025-08-29 16:15:00,516905.87,1.97,,,,516905870,1970
2025-08-29 16:30:00,516907.57,1.70,,,,516907570,1700
2025-08-29 16:45:00,516909.30,1.73,,,,516909300,1730
2025-08-29 17:00:00,516911.48,2.18,,,,516911480,2180
2025-08-29 17:15:00,516913.30,1.82,,,,516913300,1820
2025-08-29 17:30:00,516915.13,1.83,,,,516915130,1830
2025-08-29 17:45:00,516917.21,2.08,,,,516917210,2080
2025-08-29 18:00:00,516919.02,1.81,,,,516919020,1810
2025-08-29 18:15:00,516920.75,1.73,,,,516920750,1730
2025-08-29 18:30:00,516922.64,1.89,,,,516922640,1890
2025-08-29 18:45:00,516924.42,1.78,,,,516924420,1780
2025-08-29 19:00:00,516926.60,2.18,,,,516926600,2180
2025-08-29 19:15:00,516928.40,1.80,,,,516928400,1800
2025-08-29 19:30:00,516930.09,1.69,,,,516930090,1690
2025-08-29 19:45:00,516931.78,1.69,,,,516931780,1690
2025-08-29 20:00:00,516933.91,2.13,,,,516933910,2130
2025-08-29 20:15:00,516936.07,2.16,,,,516936070,2160
2025-08-29 20:30:00,516938.51,2.44,,,,516938510,2440
2025-08-29 20:45:00,516940.54,2.02,,,,516940540,2030
2025-08-29 21:00:00,516942.59,2.05,,,,516942590,2050
2025-08-29 21:15:00,516944.95,2.36,,,,516944950,2360
2025-08-29 21:30:00,516947.04,2.09,,,,516947040,2090
2025-08-29 21:45:00,516948.77,1.73,,,,516948770,1730
2025-08-29 22:00:00,516950.51,1.74,,,,516950510,1740
2025-08-29 22:15:00,516952.25,1.74,,,,516952250,1740
2025-08-29 22:30:00,516954.28,2.02,,,,516954280,2030
2025-08-29 22:45:00,516955.92,1.64,,,,516955920,1640
2025-08-29 23:00:00,516957.56,1.64,,,,516957560,1640
2025-08-29 23:15:00,516959.73,2.17,,,,516959730,2170
2025-08-29 23:30:00,516962.15,2.42,,,,516962150,2420
2025-08-29 23:45:00,516964.16,2.00,,,,516964160,2010
2025-08-30 00:00:00,516965.85,1.69,200.00,,,516965850,1690,200000
2025-08-30 00:15:00,516968.11,2.26,,,,516968110,2260
2025-08-30 00:30:00,516970.85,2.74,,,,516970850,2740
2025-08-30 00:45:00,516973.16,2.31,,,,516973160,2310
2025-08-30 01:00:00,516974.78,1.62,,,,516974780,1620
2025-08-30 01:15:00,516976.47,1.69,,,,516976470,1690
2025-08-30 01:30:00,516978.16,1.69,,,,516978160,1690
2025-08-30 01:45:00,516979.82,1.66,,,,516979820,1660
2025-08-30 02:00:00,516981.97,2.15,,,,516981970,2150
2025-08-30 02:15:00,516984.15,2.18,,,,516984150,2180
2025-08-30 02:30:00,516986.55,2.40,,,,516986550,2400
2025-08-30 02:45:00,516988.52,1.97,,,,516988520,1970
2025-08-30 03:00:00,516990.15,1.63,,,,516990150,1630
2025-08-30 03:15:00,516991.87,1.72,,,,516991870,1720
2025-08-30 03:30:00,516993.60,1.73,,,,516993600,1730
2025-08-30 03:45:00,516995.63,2.02,,,,516995630,2030
2025-08-30 04:00:00,516997.37,1.74,,,,516997370,1740
2025-08-30 04:15:00,516999.13,1.76,,,,516999130,1760
2025-08-30 04:30:00,517000.89,1.76,,,,517000890,1760
2025-08-30 04:45:00,517002.63,1.74,,,,517002630,1740
2025-08-30 05:00:00,517004.65,2.02,,,,517004650,2020
2025-08-30 05:15:00,517006.53,1.88,,,,517006530,1880
2025-08-30 05:30:00,517008.25,1.72,,,,517008250,1720
2025-08-30 05:45:00,517010.29,2.04,,,,517010290,2040
2025-08-30 06:00:00,517012.38,2.09,,,,517012380,2090
2025-08-30 06:15:00,517014.50,2.12,,,,517014500,2120
2025-08-30 06:30:00,517016.99,2.49,,,,517016990,2490
2025-08-30 06:45:00,517018.80,1.81,,,,517018800,1810
2025-08-30 07:00:00,517020.70,1.90,,,,517020700,1900
2025-08-30 07:30:00,517025.05,4.35,,,,517025050,4350
2025-08-30 07:45:00,517026.80,1.75,,,,517026800,1750
2025-08-30 08:00:00,517028.53,1.73,,,,517028530,1730
2025-08-30 08:15:00,517030.25,1.72,,,,517030250,1720
2025-08-30 08:30:00,517032.28,2.02,,,,517032280,2030
2025-08-30 08:45:00,517034.08,1.80,,,,517034080,1800
2025-08-30 09:00:00,517036.07,1.99,,,,517036070,1990
2025-08-30 09:15:00,517038.20,2.13,,,,517038200,2130
2025-08-30 09:30:00,517040.26,2.06,,,,517040260,2060
2025-08-30 09:45:00,517043.00,2.74,,,,517043000,2740
2025-08-30 10:00:00,517045.88,2.88,,,,517045880,2880
2025-08-30 10:15:00,517048.35,2.47,,,,517048350,2470
2025-08-30 10:30:00,517050.45,2.10,,,,517050450,2100
2025-08-30 10:45:00,517052.43,1.98,,,,517052430,1980
2025-08-30 11:00:00,517054.40,1.97,,,,517054400,1970
2025-08-30 11:15:00,517056.16,1.76,,,,517056160,1760
2025-08-30 11:30:00,517058.20,2.04,,,,517058200,2040
2025-08-30 11:45:00,517060.64,2.44,,,,517060640,2440
2025-08-30 12:00:00,517062.69,2.05,,,,517062690,2050
2025-08-30 12:15:00,517064.70,2.00,,,,517064700,2010
2025-08-30 12:30:00,517066.72,2.02,,,,517066720,2020
2025-08-30 12:45:00,517068.42,1.70,,,,517068420,1700
2025-08-30 13:00:00,517070.14,1.72,,,,517070140,1720
2025-08-30 13:15:00,517071.86,1.72,,,,517071860,1720
2025-08-30 13:30:00,517073.62,1.76,,,,517073620,1760
2025-08-30 13:45:00,517076.00,2.38,,,,517076000,2380
2025-08-30 14:00:00,517078.08,2.08,,,,517078080,2080
2025-08-30 14:15:00,517080.29,2.21,,,,517080290,2210
2025-08-30 14:30:00,517082.00,1.71,,,,517082000,1710
2025-08-30 14:45:00,517083.67,1.67,,,,517083670,1670
2025-08-30 15:00:00,517085.73,2.06,,,,517085730,2060
2025-08-30 15:15:00,517087.74,2.00,,,,517087740,2010
2025-08-30 15:30:00,517089.45,1.71,,,,517089450,1710
2025-08-30 15:45:00,517091.50,2.05,,,,517091500,2050
2025-08-30 16:00:00,517093.13,1.63,,,,517093130,1630
2025-08-30 16:15:00,517094.77,1.64,,,,517094770,1640
2025-08-30 16:30:00,517096.64,1.87,,,,517096640,1870
2025-08-30 16:45:00,517097.69,1.05,,,,517097690,1050
2025-08-30 17:00:00,517098.27,0.58,,,,517098270,580
2025-08-30 17:15:00,517098.95,0.68,,,,517098950,680
2025-08-30 17:30:00,517099.73,0.78,,,,517099730,780
2025-08-30 17:45:00,517100.52,0.79,,,,517100520,790
2025-08-30 18:00:00,517101.65,1.13,,,,517101650,1130
2025-08-30 18:15:00,517102.94,1.29,,,,517102940,1290
2025-08-30 18:30:00,517104.39,1.45,,,,517104390,1450
2025-08-30 18:45:00,517105.16,0.77,,,,517105160,770
2025-08-30 19:00:00,517105.79,0.63,,,,517105790,630
2025-08-30 19:15:00,517106.37,0.58,,,,517106370,580
2025-08-30 19:30:00,517106.93,0.56,,,,517106930,560
2025-08-30 19:45:00,517107.97,1.04,,,,517107970,1040
2025-08-30 20:00:00,517108.96,0.99,,,,517108960,990
2025-08-30 20:15:00,517110.71,1.75,,,,517110710,1750
2025-08-30 20:30:00,517112.34,1.63,,,,517112340,1630
2025-08-30 20:45:00,517113.34,1.00,,,,517113340,1000
2025-08-30 21:00:00,517113.92,0.58,,,,517113920,580
2025-08-30 21:15:00,517114.47,0.55,,,,517114470,550
2025-08-30 21:30:00,517115.06,0.59,,,,517115060,590
2025-08-30 21:45:00,517115.99,0.93,,,,517115990,930
2025-08-30 22:00:00,517116.56,0.57,,,,517116560,570
2025-08-30 22:15:00,517117.13,0.57,,,,517117130,570
2025-08-30 22:30:00,517117.71,0.58,,,,517117710,580
2025-08-30 22:45:00,517118.32,0.61,,,,517118320,610
2025-08-30 23:00:00,517119.27,0.95,,,,517119270,950
2025-08-30 23:15:00,517119.85,0.58,,,,517119850,580
2025-08-30 23:30:00,517120.44,0.59,,,,517120440,590
2025-08-30 23:45:00,517121.70,1.26,,,,517121700,1260
2025-08-31 00:00:00,517122.84,1.14,156.99,,,517122840,1140,156990
2025-08-31 00:15:00,517123.84,1.00,,,,517123840,1000
2025-08-31 00:30:00,517124.87,1.03,,,,517124870,1030
2025-08-31 00:45:00,517125.81,0.94,,,,517125810,940
2025-08-31 01:00:00,517126.62,0.81,,,,517126620,810
2025-08-31 01:15:00,517128.47,1.85,,,,517128470,1850
2025-08-31 01:30:00,517130.72,2.25,,,,517130720,2250
2025-08-31 01:45:00,517131.52,0.80,,,,517131520,800
2025-08-31 02:00:00,517132.14,0.62,,,,517132140,620
2025-08-31 02:15:00,517132.96,0.82,,,,517132960,820
2025-08-31 02:30:00,517133.65,0.69,,,,517133650,690
2025-08-31 02:45:00,517134.26,0.61,,,,517134260,610
2025-08-31 03:00:00,517135.21,0.95,,,,517135210,950
2025-08-31 03:15:00,517135.80,0.59,,,,517135800,590
2025-08-31 03:30:00,517136.41,0.61,,,,517136410,610
2025-08-31 03:45:00,517136.97,0.56,,,,517136970,560
2025-08-31 04:00:00,517137.91,0.94,,,,517137910,940
2025-08-31 04:15:00,517138.55,0.64,,,,517138550,640
2025-08-31 04:30:00,517139.11,0.56,,,,517139110,560
2025-08-31 04:45:00,517139.86,0.75,,,,517139860,750
2025-08-31 05:00:00,517140.69,0.83,,,,517140690,830
2025-08-31 05:15:00,517141.52,0.83,,,,517141520,830
2025-08-31 05:30:00,517142.23,0.71,,,,517142230,710
2025-08-31 05:45:00,517142.83,0.60,,,,517142830,600
2025-08-31 06:00:00,517143.38,0.55,,,,517143380,550
2025-08-31 06:15:00,517144.12,0.74,,,,517144120,740
2025-08-31 06:30:00,517144.72,0.60,,,,517144720,600
2025-08-31 06:45:00,517145.80,1.08,,,,517145800,1080
2025-08-31 07:00:00,517147.32,1.52,,,,517147320,1520
2025-08-31 07:30:00,517149.12,1.80,,,,517149120,1800
2025-08-31 07:45:00,517149.73,0.61,,,,517149730,610
2025-08-31 08:00:00,517150.31,0.58,,,,517150310,580
2025-08-31 08:15:00,517150.90,0.59,,,,517150900,590
2025-08-31 08:30:00,517151.90,1.00,,,,517151900,1000
2025-08-31 08:45:00,517152.48,0.58,,,,517152480,580
2025-08-31 09:00:00,517153.09,0.61,,,,517153090,610
2025-08-31 09:15:00,517153.65,0.56,,,,517153650,560
2025-08-31 09:30:00,517154.18,0.53,,,,517154180,530
2025-08-31 09:45:00,517155.27,1.09,,,,517155270,1090
2025-08-31 10:00:00,517155.85,0.58,,,,517155850,580
2025-08-31 10:15:00,517156.45,0.60,,,,517156450,600
2025-08-31 10:30:00,517157.04,0.59,,,,517157040,590
2025-08-31 10:45:00,517157.63,0.59,,,,517157630,590
2025-08-31 11:00:00,517159.12,1.49,,,,517159120,1490
2025-08-31 11:15:00,517160.69,1.57,,,,517160690,1570
2025-08-31 11:30:00,517161.85,1.16,,,,517161850,1160
2025-08-31 11:45:00,517162.68,0.83,,,,517162680,830
2025-08-31 12:00:00,517163.73,1.05,,,,517163730,1050
2025-08-31 12:15:00,517164.31,0.58,,,,517164310,580
2025-08-31 12:30:00,517164.90,0.59,,,,517164900,590
2025-08-31 12:45:00,517165.44,0.54,,,,517165440,540
2025-08-31 13:00:00,517166.21,0.77,,,,517166210,770
2025-08-31 13:15:00,517166.82,0.61,,,,517166820,610
2025-08-31 13:30:00,517167.40,0.58,,,,517167400,580
2025-08-31 13:45:00,517168.33,0.93,,,,517168330,930
2025-08-31 14:00:00,517168.90,0.57,,,,517168900,570
2025-08-31 14:15:00,517169.48,0.58,,,,517169480,580
2025-08-31 14:30:00,517170.29,0.81,,,,517170290,810
2025-08-31 14:45:00,517170.95,0.66,,,,517170950,660
2025-08-31 15:00:00,517171.57,0.62,,,,517171570,620
2025-08-31 15:15:00,517172.53,0.96,,,,517172530,960
2025-08-31 15:30:00,517173.14,0.61,,,,517173140,610
2025-08-31 15:45:00,517173.72,0.58,,,,517173720,580
2025-08-31 16:00:00,517174.33,0.61,,,,517174330,610
2025-08-31 16:15:00,517175.28,0.95,,,,517175280,950
2025-08-31 16:30:00,517176.06,0.78,,,,517176060,780
2025-08-31 16:45:00,517176.81,0.75,,,,517176810,750
2025-08-31 17:00:00,517177.60,0.79,,,,517177600,790
2025-08-31 17:15:00,517178.27,0.67,,,,517178270,670
2025-08-31 17:30:00,517179.21,0.94,,,,517179210,940
2025-08-31 17:45:00,517180.32,1.11,,,,517180320,1110
2025-08-31 18:00:00,517180.88,0.56,,,,517180880,560
2025-08-31 18:15:00,517181.76,0.88,,,,517181760,880
2025-08-31 18:30:00,517183.36,1.60,,,,517183360,1600
2025-08-31 18:45:00,517184.69,1.33,,,,517184690,1330
2025-08-31 19:00:00,517185.65,0.96,,,,517185650,960
2025-08-31 19:15:00,517186.24,0.59,,,,517186240,590
2025-08-31 19:30:00,517187.02,0.78,,,,517187020,780
2025-08-31 19:45:00,517187.65,0.63,,,,517187650,630
2025-08-31 20:00:00,517188.61,0.96,,,,517188610,960
2025-08-31 20:15:00,517189.20,0.59,,,,517189200,590
2025-08-31 20:30:00,517190.16,0.96,,,,517190160,960
2025-08-31 20:45:00,517191.62,1.46,,,,517191620,1460
2025-08-31 21:00:00,517193.07,1.45,,,,517193070,1450
2025-08-31 21:15:00,517194.26,1.19,,,,517194260,1190
2025-08-31 21:30:00,517195.30,1.04,,,,517195300,1040
2025-08-31 21:45:00,517195.92,0.62,,,,517195920,620
2025-08-31 22:00:00,517196.56,0.64,,,,517196560,640
2025-08-31 22:15:00,517197.17,0.61,,,,517197170,610
2025-08-31 22:30:00,517197.94,0.77,,,,517197940,770
2025-08-31 22:45:00,517198.56,0.62,,,,517198560,620
2025-08-31 23:00:00,517199.58,1.02,,,,517199580,1020
2025-08-31 23:15:00,517200.19,0.61,,,,517200190,610
2025-08-31 23:30:00,517200.78,0.59,,,,517200780,590
2025-08-31 23:45:00,517201.40,0.62,,,,517201400,620
2025-09-01 00:00:00,517202.32,0.92,79.48,894.24,,517202320,920,79480,894240
2025-09-01 00:15:00,517202.92,0.60,,,,517202920,600
2025-09-01 00:30:00,517203.48,0.56,,,,517203480,560
2025-09-01 00:45:00,517204.10,0.62,,,,517204100,620
2025-09-01 01:00:00,517204.96,0.86,,,,517204960,860
2025-09-01 01:15:00,517205.54,0.58,,,,517205540,580
2025-09-01 01:30:00,517206.18,0.64,,,,517206180,640
2025-09-01 01:45:00,517206.87,0.69,,,,517206870,690
2025-09-01 02:00:00,517208.03,1.16,,,,517208030,1160
2025-09-01 02:15:00,517209.33,1.30,,,,517209330,1300
2025-09-01 02:30:00,517209.95,0.62,,,,517209950,620
2025-09-01 02:45:00,517210.93,0.98,,,,517210930,980
2025-09-01 03:00:00,517211.56,0.63,,,,517211560,630
2025-09-01 03:15:00,517212.14,0.58,,,,517212140,580
2025-09-01 03:30:00,517212.90,0.76,,,,517212900,760
2025-09-01 03:45:00,517213.46,0.56,,,,517213460,560
2025-09-01 04:00:00,517214.09,0.63,,,,517214090,630
2025-09-01 04:15:00,517214.66,0.57,,,,517214660,570
2025-09-01 04:30:00,517215.60,0.94,,,,517215600,940
2025-09-01 04:45:00,517216.29,0.69,,,,517216290,690
2025-09-01 05:00:00,517217.27,0.98,,,,517217270,980
2025-09-01 05:15:00,517218.29,1.02,,,,517218290,1020
2025-09-01 05:30:00,517218.90,0.61,,,,517218900,610
2025-09-01 05:45:00,517219.89,0.99,,,,517219890,990
2025-09-01 06:00:00,517220.48,0.59,,,,517220480,590
2025-09-01 06:15:00,517221.53,1.05,,,,517221530,1050
2025-09-01 06:30:00,517222.57,1.04,,,,517222570,1040
2025-09-01 06:45:00,517223.66,1.09,,,,517223660,1090
2025-09-01 07:00:00,517225.23,1.57,,,,517225230,1570
2025-09-01 07:30:00,517228.10,2.87,,,,517228100,2870
2025-09-01 07:45:00,517229.18,1.08,,,,517229180,1080
2025-09-01 08:00:00,517230.01,0.83,,,,517230010,830
2025-09-01 08:15:00,517231.75,1.74,,,,517231750,1740
2025-09-01 08:30:00,517233.95,2.20,,,,517233950,2200
2025-09-01 08:45:00,517235.63,1.68,,,,517235630,1680
2025-09-01 09:00:00,517237.72,2.09,,,,517237720,2090
2025-09-01 09:15:00,517240.10,2.38,,,,517240100,2380
2025-09-01 09:30:00,517243.13,3.03,,,,517243130,3030
2025-09-01 09:45:00,517244.91,1.78,,,,517244910,1780
2025-09-01 10:00:00,517246.56,1.65,,,,517246560,1650
2025-09-01 10:15:00,517248.73,2.17,,,,517248730,2170
2025-09-01 10:30:00,517250.26,1.53,,,,517250260,1530
2025-09-01 10:45:00,517252.20,1.94,,,,517252200,1940
2025-09-01 11:00:00,517253.81,1.61,,,,517253810,1610
2025-09-01 11:15:00,517255.29,1.48,,,,517255290,1480
2025-09-01 11:30:00,517257.46,2.17,,,,517257460,2170
2025-09-01 11:45:00,517258.97,1.51,,,,517258970,1510
2025-09-01 12:00:00,517260.18,1.21,,,,517260180,1210
2025-09-01 12:15:00,517261.29,1.11,,,,517261290,1110
2025-09-01 12:30:00,517262.50,1.21,,,,517262500,1210
2025-09-01 12:45:00,517264.03,1.53,,,,517264030,1530
2025-09-01 13:00:00,517265.75,1.72,,,,517265750,1720
2025-09-01 13:15:00,517267.43,1.68,,,,517267430,1680
2025-09-01 13:30:00,517268.81,1.38,,,,517268810,1380
2025-09-01 13:45:00,517270.50,1.69,,,,517270500,1690
2025-09-01 14:00:00,517271.65,1.15,,,,517271650,1150
2025-09-01 14:15:00,517273.51,1.86,,,,517273510,1860
2025-09-01 14:30:00,517274.66,1.15,,,,517274660,1150
2025-09-01 14:45:00,517275.51,0.85,,,,517275510,850
2025-09-01 15:00:00,517276.59,1.08,,,,517276590,1080
2025-09-01 15:15:00,517278.37,1.78,,,,517278370,1780
2025-09-01 15:30:00,517279.56,1.19,,,,517279560,1190
2025-09-01 15:45:00,517281.02,1.46,,,,517281020,1460
2025-09-01 16:00:00,517282.32,1.30,,,,517282320,1300
2025-09-01 16:15:00,517283.61,1.29,,,,517283610,1290
2025-09-01 16:30:00,517285.65,2.04,,,,517285650,2040
2025-09-01 16:45:00,517286.47,0.82,,,,517286470,820
2025-09-01 17:00:00,517288.04,1.57,,,,517288040,1570
2025-09-01 17:15:00,517289.64,1.60,,,,517289640,1600
2025-09-01 17:30:00,517290.95,1.31,,,,517290950,1310
2025-09-01 17:45:00,517291.74,0.79,,,,517291740,790
2025-09-01 18:00:00,517292.41,0.67,,,,517292410,670
2025-09-01 18:15:00,517294.38,1.97,,,,517294380,1970
2025-09-01 18:30:00,517295.56,1.18,,,,517295560,1180
2025-09-01 18:45:00,517296.75,1.19,,,,517296750,1190
2025-09-01 19:00:00,517297.66,0.91,,,,517297660,910
2025-09-01 19:15:00,517298.32,0.66,,,,517298320,660
2025-09-01 19:30:00,517299.37,1.05,,,,517299370,1050
2025-09-01 19:45:00,517299.96,0.59,,,,517299960,590
2025-09-01 20:00:00,517300.94,0.98,,,,517300940,980
2025-09-01 20:15:00,517301.79,0.85,,,,517301790,850
2025-09-01 20:30:00,517303.25,1.46,,,,517303250,1460
2025-09-01 20:45:00,517304.46,1.21,,,,517304460,1210
2025-09-01 21:00:00,517305.27,0.81,,,,517305270,810
2025-09-01 21:15:00,517305.90,0.63,,,,517305900,630
2025-09-01 21:30:00,517306.52,0.62,,,,517306520,620
2025-09-01 21:45:00,517307.40,0.88,,,,517307400,880
2025-09-01 22:00:00,517308.04,0.64,,,,517308040,640
2025-09-01 22:15:00,517308.96,0.92,,,,517308960,920
2025-09-01 22:30:00,517309.52,0.56,,,,517309520,560
2025-09-01 22:45:00,517310.07,0.55,,,,517310070,550
2025-09-01 23:00:00,517311.05,0.98,,,,517311050,980
2025-09-01 23:15:00,517312.62,1.57,,,,517312620,1570
2025-09-01 23:30:00,517313.39,0.77,,,,517313390,770
2025-09-01 23:45:00,517314.56,1.17,,,,517314560,1170
2025-09-02 00:00:00,517315.94,1.38,113.62,,,517315940,1380,113620
2025-09-02 00:15:00,517317.36,1.42,,,,517317360,1420
2025-09-02 00:30:00,517318.30,0.94,,,,517318300,940
2025-09-02 00:45:00,517319.30,1.00,,,,517319300,1000
2025-09-02 01:00:00,517319.95,0.65,,,,517319950,650
2025-09-02 01:15:00,517320.58,0.63,,,,517320580,630
2025-09-02 01:30:00,517321.18,0.60,,,,517321180,600
2025-09-02 01:45:00,517321.91,0.73,,,,517321910,730
2025-09-02 02:00:00,517322.71,0.80,,,,517322710,800
2025-09-02 02:15:00,517323.33,0.62,,,,517323330,620
2025-09-02 02:30:00,517323.93,0.60,,,,517323930,600
2025-09-02 02:45:00,517324.53,0.60,,,,517324530,600
2025-09-02 03:00:00,517325.48,0.95,,,,517325480,950
2025-09-02 03:15:00,517326.08,0.60,,,,517326080,600
2025-09-02 03:30:00,517326.85,0.77,,,,517326850,770
2025-09-02 03:45:00,517328.29,1.44,,,,517328290,1440
2025-09-02 04:00:00,517329.57,1.28,,,,517329570,1280
2025-09-02 04:15:00,517330.25,0.68,,,,517330250,680
2025-09-02 04:30:00,517331.31,1.06,,,,517331310,1060
2025-09-02 04:45:00,517331.96,0.65,,,,517331960,650
2025-09-02 05:00:00,517332.72,0.76,,,,517332720,760
2025-09-02 05:15:00,517333.37,0.65,,,,517333370,650
2025-09-02 05:30:00,517334.35,0.98,,,,517334350,980
2025-09-02 05:45:00,517335.00,0.65,,,,517335000,650
2025-09-02 06:00:00,517335.60,0.60,,,,517335600,600
2025-09-02 06:15:00,517336.43,0.83,,,,517336430,830
2025-09-02 06:30:00,517337.42,0.99,,,,517337420,990
2025-09-02 06:45:00,517338.57,1.15,,,,517338570,1150
2025-09-02 07:00:00,517340.33,1.76,,,,517340330,1760
2025-09-02 07:30:00,517343.68,3.35,,,,517343680,3350
2025-09-02 07:45:00,517345.33,1.65,,,,517345330,1650
2025-09-02 08:00:00,517346.99,1.66,,,,517346990,1660
2025-09-02 08:15:00,517348.35,1.36,,,,517348350,1360
2025-09-02 08:30:00,517349.95,1.60,,,,517349950,1600
2025-09-02 08:45:00,517351.80,1.85,,,,517351800,1850
2025-09-02 09:00:00,517354.56,2.76,,,,517354560,2760
2025-09-02 09:15:00,517357.57,3.01,,,,517357570,3010
2025-09-02 09:30:00,517360.13,2.56,,,,517360130,2560
2025-09-02 09:45:00,517362.77,2.64,,,,517362770,2640
2025-09-02 10:00:00,517364.71,1.94,,,,517364710,1940
2025-09-02 10:15:00,517367.04,2.33,,,,517367040,2330
2025-09-02 10:30:00,517368.63,1.59,,,,517368630,1590
2025-09-02 10:45:00,517370.42,1.79,,,,517370420,1790
2025-09-02 11:00:00,517372.28,1.86,,,,517372280,1860
2025-09-02 11:15:00,517374.76,2.48,,,,517374760,2480
2025-09-02 11:30:00,517376.18,1.42,,,,517376180,1420
2025-09-02 11:45:00,517377.94,1.76,,,,517377940,1760
2025-09-02 12:00:00,517379.44,1.50,,,,517379440,1500
2025-09-02 12:15:00,517381.08,1.64,,,,517381080,1640
2025-09-02 12:30:00,517383.12,2.04,,,,517383120,2040
2025-09-02 12:45:00,517385.11,1.99,,,,517385110,1990
2025-09-02 13:00:00,517386.56,1.45,,,,517386560,1450
2025-09-02 13:15:00,517388.84,2.28,,,,517388840,2280
2025-09-02 13:30:00,517390.84,2.00,,,,517390840,2000
2025-09-02 13:45:00,517392.62,1.78,,,,517392620,1780
2025-09-02 14:00:00,517394.02,1.40,,,,517394020,1400
2025-09-02 14:15:00,517395.92,1.90,,,,517395920,1900
2025-09-02 14:30:00,517397.04,1.12,,,,517397040,1120
2025-09-02 14:45:00,517397.87,0.83,,,,517397870,830
2025-09-02 15:00:00,517398.72,0.85,,,,517398720,850
2025-09-02 15:15:00,517400.95,2.23,,,,517400950,2230
2025-09-02 15:30:00,517402.26,1.31,,,,517402260,1310
2025-09-02 15:45:00,517403.73,1.47,,,,517403730,1470
2025-09-02 16:00:00,517404.82,1.09,,,,517404820,1090
2025-09-02 16:15:00,517405.82,1.00,,,,517405820,1000
2025-09-02 16:30:00,517407.42,1.60,,,,517407420,1600
2025-09-02 16:45:00,517408.89,1.47,,,,517408890,1470
2025-09-02 17:00:00,517409.70,0.81,,,,517409700,810
2025-09-02 17:15:00,517410.76,1.06,,,,517410760,1060
2025-09-02 17:30:00,517411.49,0.73,,,,517411490,730
2025-09-02 17:45:00,517412.61,1.12,,,,517412610,1120
2025-09-02 18:00:00,517413.73,1.12,,,,517413730,1120
2025-09-02 18:15:00,517414.87,1.14,,,,517414870,1140
2025-09-02 18:30:00,517415.60,0.73,,,,517415600,730
2025-09-02 18:45:00,517416.55,0.95,,,,517416550,950
2025-09-02 19:00:00,517417.30,0.75,,,,517417300,750
2025-09-02 19:15:00,517418.32,1.02,,,,517418320,1020
2025-09-02 19:30:00,517419.40,1.08,,,,517419400,1080
2025-09-02 19:45:00,517420.96,1.56,,,,517420960,1560
2025-09-02 20:00:00,517422.29,1.33,,,,517422290,1330
2025-09-02 20:15:00,517423.72,1.43,,,,517423720,1430
2025-09-02 20:30:00,517424.63,0.91,,,,517424630,910
2025-09-02 20:45:00,517425.24,0.61,,,,517425240,610
2025-09-02 21:00:00,517425.97,0.73,,,,517425970,730
2025-09-02 21:15:00,517427.06,1.09,,,,517427060,1090
2025-09-02 21:30:00,517428.51,1.45,,,,517428510,1450
2025-09-02 21:45:00,517429.50,0.99,,,,517429500,990
2025-09-02 22:00:00,517430.12,0.62,,,,517430120,620
2025-09-02 22:15:00,517430.73,0.61,,,,517430730,610
2025-09-02 22:30:00,517431.37,0.64,,,,517431370,640
2025-09-02 22:45:00,517432.31,0.94,,,,517432310,940
2025-09-02 23:00:00,517432.92,0.61,,,,517432920,610
2025-09-02 23:15:00,517434.07,1.15,,,,517434070,1150
2025-09-02 23:30:00,517435.81,1.74,,,,517435810,1740
2025-09-02 23:45:00,517437.55,1.74,,,,517437550,1740
2025-09-03 00:00:00,517438.27,0.72,122.33,,,517438270,720,122330
2025-09-03 00:15:00,517439.14,0.87,,,,517439140,870
2025-09-03 00:30:00,517440.30,1.16,,,,517440300,1160
2025-09-03 00:45:00,517441.47,1.17,,,,517441470,1170
2025-09-03 01:00:00,517442.25,0.78,,,,517442250,780
2025-09-03 01:15:00,517443.34,1.09,,,,517443340,1090
2025-09-03 01:30:00,517444.91,1.57,,,,517444910,1570
2025-09-03 01:45:00,517445.90,0.99,,,,517445900,990
2025-09-03 02:00:00,517446.49,0.59,,,,517446490,590
2025-09-03 02:15:00,517447.09,0.60,,,,517447090,600
2025-09-03 02:30:00,517447.68,0.59,,,,517447680,590
2025-09-03 02:45:00,517448.29,0.61,,,,517448290,610
2025-09-03 03:00:00,517449.36,1.07,,,,517449360,1070
2025-09-03 03:15:00,517449.98,0.62,,,,517449980,620
2025-09-03 03:30:00,517450.55,0.57,,,,517450550,570
2025-09-03 03:45:00,517451.65,1.10,,,,517451650,1100
2025-09-03 04:00:00,517453.22,1.57,,,,517453220,1570
2025-09-03 04:15:00,517454.20,0.98,,,,517454200,980
2025-09-03 04:30:00,517455.19,0.99,,,,517455190,990
2025-09-03 04:45:00,517456.82,1.63,,,,517456820,1630
2025-09-03 05:00:00,517458.80,1.98,,,,517458800,1980
2025-09-03 05:15:00,517460.18,1.38,,,,517460180,1380
2025-09-03 05:30:00,517460.81,0.63,,,,517460810,630
2025-09-03 05:45:00,517462.23,1.42,,,,517462230,1420
2025-09-03 06:00:00,517463.19,0.96,,,,517463190,960
2025-09-03 06:15:00,517464.42,1.23,,,,517464420,1230
2025-09-03 06:30:00,517465.60,1.18,,,,517465600,1180
2025-09-03 06:45:00,517467.58,1.98,,,,517467580,1980
2025-09-03 07:00:00,517469.19,1.61,,,,517469190,1610
